WORD	知道	zhī dào	zh / ch / sh — retroflex, tongue curled back
WORD	中国	zhōng guó	zh / ch / sh — retroflex, tongue curled back
WORD	重要	zhòng yào	zh / ch / sh — retroflex, tongue curled back
WORD	真的	zhēn de	zh / ch / sh — retroflex, tongue curled back
WORD	长城	cháng chéng	zh / ch / sh — retroflex, tongue curled back
WORD	吃饭	chī fàn	zh / ch / sh — retroflex, tongue curled back
WORD	出去	chū qù	zh / ch / sh — retroflex, tongue curled back
WORD	车站	chē zhàn	zh / ch / sh — retroflex, tongue curled back
WORD	唱歌	chàng gē	zh / ch / sh — retroflex, tongue curled back
WORD	商店	shāng diàn	zh / ch / sh — retroflex, tongue curled back
WORD	上课	shàng kè	zh / ch / sh — retroflex, tongue curled back
WORD	生日	shēng rì	zh / ch / sh — retroflex, tongue curled back
WORD	什么	shén me	zh / ch / sh — retroflex, tongue curled back
WORD	时间	shí jiān	zh / ch / sh — retroflex, tongue curled back
WORD	手机	shǒu jī	zh / ch / sh — retroflex, tongue curled back
WORD	书店	shū diàn	zh / ch / sh — retroflex, tongue curled back
WORD	早上	zǎo shàng	z / c / s — flat, tongue behind the teeth
WORD	杂志	zá zhì	z / c / s — flat, tongue behind the teeth
WORD	自己	zì jǐ	z / c / s — flat, tongue behind the teeth
WORD	在家	zài jiā	z / c / s — flat, tongue behind the teeth
WORD	从来	cóng lái	z / c / s — flat, tongue behind the teeth
WORD	参加	cān jiā	z / c / s — flat, tongue behind the teeth
WORD	菜单	cài dān	z / c / s — flat, tongue behind the teeth
WORD	词典	cí diǎn	z / c / s — flat, tongue behind the teeth
WORD	三十	sān shí	z / c / s — flat, tongue behind the teeth
WORD	四十	sì shí	z / c / s — flat, tongue behind the teeth
WORD	岁数	suì shù	z / c / s — flat, tongue behind the teeth
WORD	送给	sòng gěi	z / c / s — flat, tongue behind the teeth
WORD	散步	sàn bù	z / c / s — flat, tongue behind the teeth
WORD	见面	jiàn miàn	j / q / x — tongue flat, lips spread
WORD	今天	jīn tiān	j / q / x — tongue flat, lips spread
WORD	机场	jī chǎng	j / q / x — tongue flat, lips spread
WORD	简单	jiǎn dān	j / q / x — tongue flat, lips spread
WORD	介绍	jiè shào	j / q / x — tongue flat, lips spread
WORD	请问	qǐng wèn	j / q / x — tongue flat, lips spread
WORD	起来	qǐ lái	j / q / x — tongue flat, lips spread
WORD	钱包	qián bāo	j / q / x — tongue flat, lips spread
WORD	青菜	qīng cài	j / q / x — tongue flat, lips spread
WORD	汽车	qì chē	j / q / x — tongue flat, lips spread
WORD	谢谢	xiè xiè	j / q / x — tongue flat, lips spread
WORD	学习	xué xí	j / q / x — tongue flat, lips spread
WORD	西瓜	xī guā	j / q / x — tongue flat, lips spread
WORD	希望	xī wàng	j / q / x — tongue flat, lips spread
WORD	现在	xiàn zài	j / q / x — tongue flat, lips spread
WORD	小时	xiǎo shí	j / q / x — tongue flat, lips spread
WORD	女儿	nǚ ér	ü — rounded lips, tongue forward
WORD	绿色	lǜ sè	ü — rounded lips, tongue forward
WORD	旅行	lǚ xíng	ü — rounded lips, tongue forward
WORD	去年	qù nián	ü — rounded lips, tongue forward
WORD	需要	xū yào	ü — rounded lips, tongue forward
WORD	学生	xué shēng	ü — rounded lips, tongue forward
WORD	月亮	yuè liàng	ü — rounded lips, tongue forward
WORD	运动	yùn dòng	ü — rounded lips, tongue forward
WORD	语言	yǔ yán	ü — rounded lips, tongue forward
WORD	认识	rèn shí	r — retroflex, not a rolled r
WORD	日本	rì běn	r — retroflex, not a rolled r
WORD	然后	rán hòu	r — retroflex, not a rolled r
WORD	容易	róng yì	r — retroflex, not a rolled r
WORD	热情	rè qíng	r — retroflex, not a rolled r
WORD	人们	rén men	r — retroflex, not a rolled r
WORD	如果	rú guǒ	r — retroflex, not a rolled r
WORD	很难	hěn nán	n / ng — where the tongue ends
WORD	面包	miàn bāo	n / ng — where the tongue ends
WORD	安静	ān jìng	n / ng — where the tongue ends
WORD	因为	yīn wèi	n / ng — where the tongue ends
WORD	英语	yīng yǔ	n / ng — where the tongue ends
WORD	朋友	péng yǒu	n / ng — where the tongue ends
WORD	房间	fáng jiān	n / ng — where the tongue ends
WORD	东西	dōng xī	n / ng — where the tongue ends
WORD	工作	gōng zuò	n / ng — where the tongue ends
WORD	红色	hóng sè	n / ng — where the tongue ends
WORD	空气	kōng qì	n / ng — where the tongue ends
WORD	妈妈	mā mā	tone pairs that change meaning
WORD	麻烦	má fán	tone pairs that change meaning
WORD	马上	mǎ shàng	tone pairs that change meaning
WORD	骂人	mà rén	tone pairs that change meaning
WORD	买卖	mǎi mài	tone pairs that change meaning
WORD	报纸	bào zhǐ	tone pairs that change meaning
WORD	包子	bāo zi	tone pairs that change meaning
WORD	水果	shuǐ guǒ	tone pairs that change meaning
WORD	睡觉	shuì jiào	tone pairs that change meaning
WORD	说话	shuō huà	tone pairs that change meaning
WORD	数学	shù xué	tone pairs that change meaning
WORD	你好	nǐ hǎo	everyday words
WORD	再见	zài jiàn	everyday words
WORD	对不起	duì bù qǐ	everyday words
WORD	没关系	méi guān xì	everyday words
WORD	老师	lǎo shī	everyday words
WORD	同学	tóng xué	everyday words
WORD	家人	jiā rén	everyday words
WORD	医生	yī shēng	everyday words
WORD	护士	hù shì	everyday words
WORD	工人	gōng rén	everyday words
WORD	农民	nóng mín	everyday words
WORD	孩子	hái zi	everyday words
WORD	爸爸	bà bà	everyday words
WORD	哥哥	gē gē	everyday words
WORD	姐姐	jiě jiě	everyday words
WORD	弟弟	dì di	everyday words
WORD	妹妹	mèi mèi	everyday words
WORD	爷爷	yé yé	everyday words
WORD	奶奶	nǎi nǎi	everyday words
SENTENCE	请复习数学。	qǐng fù xí shù xué	连读 · 学习
SENTENCE	他们练习生词。	tā men liàn xí shēng cí	连读 · 学习
SENTENCE	朋友很喜欢名片。	péng yǒu hěn xǐ huān míng piàn	连读 · 工作
SENTENCE	我每天找火车。	wǒ měi tiān zhǎo huǒ chē	连读 · 旅行
SENTENCE	他每天看汉字。	tā měi tiān kàn hàn zì	连读 · 学习
SENTENCE	请准备会议。	qǐng zhǔn bèi huì yì	连读 · 工作
SENTENCE	你记得数学。	nǐ jì de shù xué	连读 · 学习
SENTENCE	我们想找办公室吗？	wǒ men xiǎng zhǎo bàn gōng shì ma	连读 · 工作
SENTENCE	他们每天学习生词。	tā men měi tiān xué xí shēng cí	连读 · 学习
SENTENCE	他们常常复习课本。	tā men cháng cháng fù xí kè běn	连读 · 学习
SENTENCE	你常常准备计划。	nǐ cháng cháng zhǔn bèi jì huà	连读 · 工作
SENTENCE	他已经学习语法了。	tā yǐ jīng xué xí yǔ fǎ le	连读 · 学习
SENTENCE	他们每天喜欢长城。	tā men měi tiān xǐ huān cháng chéng	连读 · 旅行
SENTENCE	他很喜欢饺子。	tā hěn xǐ huān jiǎo zi	连读 · 食物
SENTENCE	我们很喜欢咖啡。	wǒ men hěn xǐ huān kā fēi	连读 · 饮料
SENTENCE	他们每天记得生词。	tā men měi tiān jì de shēng cí	连读 · 学习
SENTENCE	他们常常喝果汁。	tā men cháng cháng hē guǒ zhī	连读 · 饮料
SENTENCE	学生已经读发音了。	xué shēng yǐ jīng dú fā yīn le	连读 · 学习
SENTENCE	朋友明天看计划。	péng yǒu míng tiān kàn jì huà	连读 · 工作
SENTENCE	爸爸很喜欢汉字。	bà bà hěn xǐ huān hàn zì	连读 · 学习
SENTENCE	妈妈不吃面条。	mā mā bù chī miàn tiáo	连读 · 食物
SENTENCE	我明天找名片。	wǒ míng tiān zhǎo míng piàn	连读 · 工作
SENTENCE	请找公司。	qǐng zhǎo gōng sī	连读 · 工作
SENTENCE	妈妈很喜欢中文。	mā mā hěn xǐ huān zhōng wén	连读 · 学习
SENTENCE	我们每天喜欢车站。	wǒ men měi tiān xǐ huān chē zhàn	连读 · 旅行
SENTENCE	他们明天学习数学。	tā men míng tiān xué xí shù xué	连读 · 学习
SENTENCE	请看电脑。	qǐng kàn diàn nǎo	连读 · 工作
SENTENCE	妈妈找同事。	mā mā zhǎo tóng shì	连读 · 工作
SENTENCE	妈妈不想读英语。	mā mā bù xiǎng dú yīng yǔ	连读 · 学习
SENTENCE	爸爸不做中国菜。	bà bà bù zuò zhōng guó cài	连读 · 食物
SENTENCE	我们很喜欢英语。	wǒ men hěn xǐ huān yīng yǔ	连读 · 学习
SENTENCE	我们很喜欢行李。	wǒ men hěn xǐ huān xíng lǐ	连读 · 旅行
SENTENCE	爸爸不看办公室。	bà bà bù kàn bàn gōng shì	连读 · 工作
SENTENCE	爸爸每天喜欢包子。	bà bà měi tiān xǐ huān bāo zi	连读 · 食物
SENTENCE	她很喜欢公司。	tā hěn xǐ huān gōng sī	连读 · 工作
SENTENCE	朋友很喜欢生词。	péng yǒu hěn xǐ huān shēng cí	连读 · 学习
SENTENCE	你每天买中国菜。	nǐ měi tiān mǎi zhōng guó cài	连读 · 食物
SENTENCE	学生不想看公司。	xué shēng bù xiǎng kàn gōng sī	连读 · 工作
SENTENCE	她每天喜欢面条。	tā měi tiān xǐ huān miàn tiáo	连读 · 食物
SENTENCE	她很喜欢鸡蛋。	tā hěn xǐ huān jī dàn	连读 · 食物
SENTENCE	他练习语法。	tā liàn xí yǔ fǎ	连读 · 学习
SENTENCE	他们想练习中文吗？	tā men xiǎng liàn xí zhōng wén ma	连读 · 学习
SENTENCE	请学习中文。	qǐng xué xí zhōng wén	连读 · 学习
SENTENCE	我们喜欢火车。	wǒ men xǐ huān huǒ chē	连读 · 旅行
SENTENCE	朋友不喜欢飞机。	péng yǒu bù xǐ huān fēi jī	连读 · 旅行
SENTENCE	我们不想做中国菜。	wǒ men bù xiǎng zuò zhōng guó cài	连读 · 食物
SENTENCE	妈妈每天找公司。	mā mā měi tiān zhǎo gōng sī	连读 · 工作
SENTENCE	她每天记得发音。	tā měi tiān jì de fā yīn	连读 · 学习
SENTENCE	朋友很喜欢车站。	péng yǒu hěn xǐ huān chē zhàn	连读 · 旅行
SENTENCE	我想准备电脑吗？	wǒ xiǎng zhǔn bèi diàn nǎo ma	连读 · 工作
SENTENCE	请看长城。	qǐng kàn cháng chéng	连读 · 旅行
SENTENCE	我每天记得电脑。	wǒ měi tiān jì de diàn nǎo	连读 · 工作
SENTENCE	他们想读生词吗？	tā men xiǎng dú shēng cí ma	连读 · 学习
SENTENCE	老师想喝咖啡吗？	lǎo shī xiǎng hē kā fēi ma	连读 · 饮料
SENTENCE	妈妈想买米饭吗？	mā mā xiǎng mǎi mǐ fàn ma	连读 · 食物
SENTENCE	学生明天看数学。	xué shēng míng tiān kàn shù xué	连读 · 学习
SENTENCE	我们已经学习作业了。	wǒ men yǐ jīng xué xí zuò yè le	连读 · 学习
SENTENCE	爸爸做包子。	bà bà zuò bāo zi	连读 · 食物
SENTENCE	学生记得英语。	xué shēng jì de yīng yǔ	连读 · 学习
SENTENCE	学生常常学习生词。	xué shēng cháng cháng xué xí shēng cí	连读 · 学习
SENTENCE	我们想找计划吗？	wǒ men xiǎng zhǎo jì huà ma	连读 · 工作
SENTENCE	老师明天吃米饭。	lǎo shī míng tiān chī mǐ fàn	连读 · 食物
SENTENCE	学生不想准备公司。	xué shēng bù xiǎng zhǔn bèi gōng sī	连读 · 工作
SENTENCE	朋友买中国菜。	péng yǒu mǎi zhōng guó cài	连读 · 食物
SENTENCE	我不吃中国菜。	wǒ bù chī zhōng guó cài	连读 · 食物
SENTENCE	他们已经复习发音了。	tā men yǐ jīng fù xí fā yīn le	连读 · 学习
SENTENCE	她想做包子吗？	tā xiǎng zuò bāo zi ma	连读 · 食物
SENTENCE	她每天看中文。	tā měi tiān kàn zhōng wén	连读 · 学习
SENTENCE	他们很喜欢水果。	tā men hěn xǐ huān shuǐ guǒ	连读 · 食物
SENTENCE	朋友已经练习汉字了。	péng yǒu yǐ jīng liàn xí hàn zì le	连读 · 学习
SENTENCE	请看问题。	qǐng kàn wèn tí	连读 · 工作
SENTENCE	我们想复习发音吗？	wǒ men xiǎng fù xí fā yīn ma	连读 · 学习
SENTENCE	她不喜欢车站。	tā bù xǐ huān chē zhàn	连读 · 旅行
SENTENCE	你常常准备名片。	nǐ cháng cháng zhǔn bèi míng piàn	连读 · 工作
SENTENCE	他很喜欢电脑。	tā hěn xǐ huān diàn nǎo	连读 · 工作
SENTENCE	她学习数学。	tā xué xí shù xué	连读 · 学习
SENTENCE	你不想复习英语。	nǐ bù xiǎng fù xí yīng yǔ	连读 · 学习
SENTENCE	学生每天看行李。	xué shēng měi tiān kàn xíng lǐ	连读 · 旅行
SENTENCE	他们买鸡蛋。	tā men mǎi jī dàn	连读 · 食物
SENTENCE	他们常常喜欢名片。	tā men cháng cháng xǐ huān míng piàn	连读 · 工作
SENTENCE	我们常常做米饭。	wǒ men cháng cháng zuò mǐ fàn	连读 · 食物
SENTENCE	朋友不买青菜。	péng yǒu bù mǎi qīng cài	连读 · 食物
SENTENCE	我想复习英语吗？	wǒ xiǎng fù xí yīng yǔ ma	连读 · 学习
SENTENCE	他们已经看英语了。	tā men yǐ jīng kàn yīng yǔ le	连读 · 学习
SENTENCE	你已经准备公司了。	nǐ yǐ jīng zhǔn bèi gōng sī le	连读 · 工作
SENTENCE	她想读英语吗？	tā xiǎng dú yīng yǔ ma	连读 · 学习
SENTENCE	朋友不复习发音。	péng yǒu bù fù xí fā yīn	连读 · 学习
SENTENCE	他想准备会议吗？	tā xiǎng zhǔn bèi huì yì ma	连读 · 工作
SENTENCE	请看课本。	qǐng kàn kè běn	连读 · 学习
SENTENCE	请准备名片。	qǐng zhǔn bèi míng piàn	连读 · 工作
SENTENCE	妈妈明天买青菜。	mā mā míng tiān mǎi qīng cài	连读 · 食物
SENTENCE	她很喜欢宾馆。	tā hěn xǐ huān bīn guǎn	连读 · 旅行
SENTENCE	我不喜欢热茶。	wǒ bù xǐ huān rè chá	连读 · 饮料
SENTENCE	妈妈找计划。	mā mā zhǎo jì huà	连读 · 工作
SENTENCE	他们不喜欢面条。	tā men bù xǐ huān miàn tiáo	连读 · 食物
SENTENCE	学生明天学习语法。	xué shēng míng tiān xué xí yǔ fǎ	连读 · 学习
SENTENCE	爸爸不想买水果。	bà bà bù xiǎng mǎi shuǐ guǒ	连读 · 食物
SENTENCE	老师很喜欢计划。	lǎo shī hěn xǐ huān jì huà	连读 · 工作
SENTENCE	请准备办公室。	qǐng zhǔn bèi bàn gōng shì	连读 · 工作
SENTENCE	我常常看数学。	wǒ cháng cháng kàn shù xué	连读 · 学习
SENTENCE	你常常记得问题。	nǐ cháng cháng jì de wèn tí	连读 · 工作
SENTENCE	朋友很喜欢英语。	péng yǒu hěn xǐ huān yīng yǔ	连读 · 学习
SENTENCE	我们喜欢名片。	wǒ men xǐ huān míng piàn	连读 · 工作
SENTENCE	他们不学习英语。	tā men bù xué xí yīng yǔ	连读 · 学习
SENTENCE	老师不看问题。	lǎo shī bù kàn wèn tí	连读 · 工作
SENTENCE	她想看语法吗？	tā xiǎng kàn yǔ fǎ ma	连读 · 学习
SENTENCE	学生很喜欢发音。	xué shēng hěn xǐ huān fā yīn	连读 · 学习
SENTENCE	我们明天看宾馆。	wǒ men míng tiān kàn bīn guǎn	连读 · 旅行
SENTENCE	他已经看课本了。	tā yǐ jīng kàn kè běn le	连读 · 学习
SENTENCE	老师已经找会议了。	lǎo shī yǐ jīng zhǎo huì yì le	连读 · 工作
SENTENCE	爸爸每天喝热茶。	bà bà měi tiān hē rè chá	连读 · 饮料
SENTENCE	爸爸想找行李吗？	bà bà xiǎng zhǎo xíng lǐ ma	连读 · 旅行
SENTENCE	爸爸明天复习课本。	bà bà míng tiān fù xí kè běn	连读 · 学习
SENTENCE	我们已经买咖啡了。	wǒ men yǐ jīng mǎi kā fēi le	连读 · 饮料
SENTENCE	妈妈不记得汉字。	mā mā bù jì de hàn zì	连读 · 学习
SENTENCE	我很喜欢课本。	wǒ hěn xǐ huān kè běn	连读 · 学习
SENTENCE	老师已经吃面条了。	lǎo shī yǐ jīng chī miàn tiáo le	连读 · 食物
SENTENCE	你每天吃青菜。	nǐ měi tiān chī qīng cài	连读 · 食物
SENTENCE	爸爸不想看数学。	bà bà bù xiǎng kàn shù xué	连读 · 学习
SENTENCE	我想做青菜吗？	wǒ xiǎng zuò qīng cài ma	连读 · 食物
SENTENCE	我们看作业。	wǒ men kàn zuò yè	连读 · 学习
SENTENCE	我喝咖啡。	wǒ hē kā fēi	连读 · 饮料
SENTENCE	请看生词。	qǐng kàn shēng cí	连读 · 学习
SENTENCE	我们不吃包子。	wǒ men bù chī bāo zi	连读 · 食物
SENTENCE	老师常常学习语法。	lǎo shī cháng cháng xué xí yǔ fǎ	连读 · 学习
SENTENCE	他常常准备办公室。	tā cháng cháng zhǔn bèi bàn gōng shì	连读 · 工作
SENTENCE	他们看中文。	tā men kàn zhōng wén	连读 · 学习
SENTENCE	爸爸已经读汉字了。	bà bà yǐ jīng dú hàn zì le	连读 · 学习
SENTENCE	他不想看车站。	tā bù xiǎng kàn chē zhàn	连读 · 旅行
SENTENCE	我每天看会议。	wǒ měi tiān kàn huì yì	连读 · 工作
SENTENCE	你已经看汉字了。	nǐ yǐ jīng kàn hàn zì le	连读 · 学习
SENTENCE	学生很喜欢包子。	xué shēng hěn xǐ huān bāo zi	连读 · 食物
SENTENCE	爸爸每天读作业。	bà bà měi tiān dú zuò yè	连读 · 学习
SENTENCE	你不想读故事书。	nǐ bù xiǎng dú gù shì shū	连读 · 学习
SENTENCE	妈妈想看数学吗？	mā mā xiǎng kàn shù xué ma	连读 · 学习
SENTENCE	他们常常记得故事书。	tā men cháng cháng jì de gù shì shū	连读 · 学习
SENTENCE	老师已经读中文了。	lǎo shī yǐ jīng dú zhōng wén le	连读 · 学习
SENTENCE	请看地图。	qǐng kàn dì tú	连读 · 旅行
SENTENCE	请看汉字。	qǐng kàn hàn zì	连读 · 学习
SENTENCE	妈妈每天练习作业。	mā mā měi tiān liàn xí zuò yè	连读 · 学习
SENTENCE	你不读课本。	nǐ bù dú kè běn	连读 · 学习
SENTENCE	他们想读中文吗？	tā men xiǎng dú zhōng wén ma	连读 · 学习
SENTENCE	老师想复习作业吗？	lǎo shī xiǎng fù xí zuò yè ma	连读 · 学习
SENTENCE	老师常常准备同事。	lǎo shī cháng cháng zhǔn bèi tóng shì	连读 · 工作
SENTENCE	他们不想找电脑。	tā men bù xiǎng zhǎo diàn nǎo	连读 · 工作
SENTENCE	学生已经练习发音了。	xué shēng yǐ jīng liàn xí fā yīn le	连读 · 学习
SENTENCE	他常常看计划。	tā cháng cháng kàn jì huà	连读 · 工作
SENTENCE	请做包子。	qǐng zuò bāo zi	连读 · 食物
SENTENCE	你想看长城吗？	nǐ xiǎng kàn cháng chéng ma	连读 · 旅行
SENTENCE	你明天找地图。	nǐ míng tiān zhǎo dì tú	连读 · 旅行
SENTENCE	妈妈已经看同事了。	mā mā yǐ jīng kàn tóng shì le	连读 · 工作
SENTENCE	老师不看火车。	lǎo shī bù kàn huǒ chē	连读 · 旅行
SENTENCE	朋友每天读生词。	péng yǒu měi tiān dú shēng cí	连读 · 学习
SENTENCE	我常常喜欢包子。	wǒ cháng cháng xǐ huān bāo zi	连读 · 食物
SENTENCE	他看长城。	tā kàn cháng chéng	连读 · 旅行
SENTENCE	她想学习汉字吗？	tā xiǎng xué xí hàn zì ma	连读 · 学习
SENTENCE	妈妈喜欢长城。	mā mā xǐ huān cháng chéng	连读 · 旅行
SENTENCE	他吃包子。	tā chī bāo zi	连读 · 食物
SENTENCE	爸爸很喜欢地图。	bà bà hěn xǐ huān dì tú	连读 · 旅行
SENTENCE	他们想复习汉字吗？	tā men xiǎng fù xí hàn zì ma	连读 · 学习
SENTENCE	学生不想看宾馆。	xué shēng bù xiǎng kàn bīn guǎn	连读 · 旅行
SENTENCE	她想买水果吗？	tā xiǎng mǎi shuǐ guǒ ma	连读 · 食物
SENTENCE	他们记得作业。	tā men jì de zuò yè	连读 · 学习
SENTENCE	学生明天看故事书。	xué shēng míng tiān kàn gù shì shū	连读 · 学习
SENTENCE	你已经找火车了。	nǐ yǐ jīng zhǎo huǒ chē le	连读 · 旅行
SENTENCE	你想复习课本吗？	nǐ xiǎng fù xí kè běn ma	连读 · 学习
SENTENCE	老师读作业。	lǎo shī dú zuò yè	连读 · 学习
SENTENCE	他们明天看办公室。	tā men míng tiān kàn bàn gōng shì	连读 · 工作
SENTENCE	我明天买鸡蛋。	wǒ míng tiān mǎi jī dàn	连读 · 食物
SENTENCE	老师很喜欢发音。	lǎo shī hěn xǐ huān fā yīn	连读 · 学习
SENTENCE	你复习生词。	nǐ fù xí shēng cí	连读 · 学习
SENTENCE	你不买牛奶。	nǐ bù mǎi niú nǎi	连读 · 饮料
SENTENCE	她很喜欢故事书。	tā hěn xǐ huān gù shì shū	连读 · 学习
SENTENCE	我们很喜欢地图。	wǒ men hěn xǐ huān dì tú	连读 · 旅行
SENTENCE	她每天记得故事书。	tā měi tiān jì de gù shì shū	连读 · 学习
SENTENCE	妈妈很喜欢名片。	mā mā hěn xǐ huān míng piàn	连读 · 工作
SENTENCE	朋友很喜欢飞机。	péng yǒu hěn xǐ huān fēi jī	连读 · 旅行
SENTENCE	学生喝果汁。	xué shēng hē guǒ zhī	连读 · 饮料
SENTENCE	爸爸很喜欢宾馆。	bà bà hěn xǐ huān bīn guǎn	连读 · 旅行
SENTENCE	你很喜欢问题。	nǐ hěn xǐ huān wèn tí	连读 · 工作
SENTENCE	我已经准备名片了。	wǒ yǐ jīng zhǔn bèi míng piàn le	连读 · 工作
SENTENCE	我已经找电脑了。	wǒ yǐ jīng zhǎo diàn nǎo le	连读 · 工作
SENTENCE	他们想看故事书吗？	tā men xiǎng kàn gù shì shū ma	连读 · 学习
SENTENCE	老师已经做水果了。	lǎo shī yǐ jīng zuò shuǐ guǒ le	连读 · 食物
SENTENCE	你不喜欢包子。	nǐ bù xǐ huān bāo zi	连读 · 食物
SENTENCE	爸爸每天找车站。	bà bà měi tiān zhǎo chē zhàn	连读 · 旅行
SENTENCE	学生想看发音吗？	xué shēng xiǎng kàn fā yīn ma	连读 · 学习
SENTENCE	他们很喜欢行李。	tā men hěn xǐ huān xíng lǐ	连读 · 旅行
SENTENCE	妈妈很喜欢计划。	mā mā hěn xǐ huān jì huà	连读 · 工作
SENTENCE	老师常常做水果。	lǎo shī cháng cháng zuò shuǐ guǒ	连读 · 食物
SENTENCE	学生不想练习发音。	xué shēng bù xiǎng liàn xí fā yīn	连读 · 学习
SENTENCE	妈妈明天找行李。	mā mā míng tiān zhǎo xíng lǐ	连读 · 旅行
SENTENCE	我们喜欢宾馆。	wǒ men xǐ huān bīn guǎn	连读 · 旅行
SENTENCE	老师不学习汉字。	lǎo shī bù xué xí hàn zì	连读 · 学习
SENTENCE	请复习汉字。	qǐng fù xí hàn zì	连读 · 学习
SENTENCE	你每天复习课本。	nǐ měi tiān fù xí kè běn	连读 · 学习
SENTENCE	你每天买米饭。	nǐ měi tiān mǎi mǐ fàn	连读 · 食物
SENTENCE	她很喜欢长城。	tā hěn xǐ huān cháng chéng	连读 · 旅行
SENTENCE	爸爸明天练习作业。	bà bà míng tiān liàn xí zuò yè	连读 · 学习
SENTENCE	朋友很喜欢电脑。	péng yǒu hěn xǐ huān diàn nǎo	连读 · 工作
SENTENCE	学生明天复习语法。	xué shēng míng tiān fù xí yǔ fǎ	连读 · 学习
SENTENCE	她常常看问题。	tā cháng cháng kàn wèn tí	连读 · 工作
SENTENCE	你不想学习课本。	nǐ bù xiǎng xué xí kè běn	连读 · 学习
SENTENCE	妈妈想找长城吗？	mā mā xiǎng zhǎo cháng chéng ma	连读 · 旅行
SENTENCE	妈妈每天学习数学。	mā mā měi tiān xué xí shù xué	连读 · 学习
SENTENCE	妈妈常常喜欢鸡蛋。	mā mā cháng cháng xǐ huān jī dàn	连读 · 食物
SENTENCE	他每天准备问题。	tā měi tiān zhǔn bèi wèn tí	连读 · 工作
SENTENCE	他已经看行李了。	tā yǐ jīng kàn xíng lǐ le	连读 · 旅行
SENTENCE	老师不想看英语。	lǎo shī bù xiǎng kàn yīng yǔ	连读 · 学习
SENTENCE	我每天找宾馆。	wǒ měi tiān zhǎo bīn guǎn	连读 · 旅行
SENTENCE	他们准备计划。	tā men zhǔn bèi jì huà	连读 · 工作
SENTENCE	老师看名片。	lǎo shī kàn míng piàn	连读 · 工作
SENTENCE	爸爸想找电脑吗？	bà bà xiǎng zhǎo diàn nǎo ma	连读 · 工作
SENTENCE	我明天买米饭。	wǒ míng tiān mǎi mǐ fàn	连读 · 食物
SENTENCE	他们每天复习生词。	tā men měi tiān fù xí shēng cí	连读 · 学习
SENTENCE	我们想练习故事书吗？	wǒ men xiǎng liàn xí gù shì shū ma	连读 · 学习
SENTENCE	妈妈复习数学。	mā mā fù xí shù xué	连读 · 学习
SENTENCE	妈妈很喜欢中国菜。	mā mā hěn xǐ huān zhōng guó cài	连读 · 食物
SENTENCE	请练习课本。	qǐng liàn xí kè běn	连读 · 学习
SENTENCE	老师每天看办公室。	lǎo shī měi tiān kàn bàn gōng shì	连读 · 工作
SENTENCE	我们不想复习数学。	wǒ men bù xiǎng fù xí shù xué	连读 · 学习
SENTENCE	我已经看作业了。	wǒ yǐ jīng kàn zuò yè le	连读 · 学习
SENTENCE	学生读故事书。	xué shēng dú gù shì shū	连读 · 学习
SENTENCE	朋友已经找问题了。	péng yǒu yǐ jīng zhǎo wèn tí le	连读 · 工作
SENTENCE	我们复习故事书。	wǒ men fù xí gù shì shū	连读 · 学习
SENTENCE	他不喜欢宾馆。	tā bù xǐ huān bīn guǎn	连读 · 旅行
SENTENCE	他们想看海边吗？	tā men xiǎng kàn hǎi biān ma	连读 · 旅行
SENTENCE	学生想看公司吗？	xué shēng xiǎng kàn gōng sī ma	连读 · 工作
SENTENCE	你常常复习数学。	nǐ cháng cháng fù xí shù xué	连读 · 学习
SENTENCE	朋友想看汉字吗？	péng yǒu xiǎng kàn hàn zì ma	连读 · 学习
SENTENCE	他们每天喝果汁。	tā men měi tiān hē guǒ zhī	连读 · 饮料
SENTENCE	你很喜欢汉字。	nǐ hěn xǐ huān hàn zì	连读 · 学习
SENTENCE	老师已经找办公室了。	lǎo shī yǐ jīng zhǎo bàn gōng shì le	连读 · 工作
SENTENCE	请找电脑。	qǐng zhǎo diàn nǎo	连读 · 工作
SENTENCE	请看宾馆。	qǐng kàn bīn guǎn	连读 · 旅行
SENTENCE	请学习汉字。	qǐng xué xí hàn zì	连读 · 学习
SENTENCE	你明天找电脑。	nǐ míng tiān zhǎo diàn nǎo	连读 · 工作
SENTENCE	我很喜欢水果。	wǒ hěn xǐ huān shuǐ guǒ	连读 · 食物
SENTENCE	学生常常准备问题。	xué shēng cháng cháng zhǔn bèi wèn tí	连读 · 工作
SENTENCE	妈妈常常练习作业。	mā mā cháng cháng liàn xí zuò yè	连读 · 学习
SENTENCE	请买牛奶。	qǐng mǎi niú nǎi	连读 · 饮料
SENTENCE	我们已经看飞机了。	wǒ men yǐ jīng kàn fēi jī le	连读 · 旅行
SENTENCE	我不想做包子。	wǒ bù xiǎng zuò bāo zi	连读 · 食物
SENTENCE	她已经吃米饭了。	tā yǐ jīng chī mǐ fàn le	连读 · 食物
SENTENCE	她想喝热茶吗？	tā xiǎng hē rè chá ma	连读 · 饮料
SENTENCE	我们喜欢同事。	wǒ men xǐ huān tóng shì	连读 · 工作
SENTENCE	学生明天看长城。	xué shēng míng tiān kàn cháng chéng	连读 · 旅行
SENTENCE	请喝果汁。	qǐng hē guǒ zhī	连读 · 饮料
SENTENCE	老师每天看生词。	lǎo shī měi tiān kàn shēng cí	连读 · 学习
SENTENCE	他们看会议。	tā men kàn huì yì	连读 · 工作
SENTENCE	爸爸明天复习发音。	bà bà míng tiān fù xí fā yīn	连读 · 学习
SENTENCE	我们每天练习课本。	wǒ men měi tiān liàn xí kè běn	连读 · 学习
SENTENCE	爸爸每天找长城。	bà bà měi tiān zhǎo cháng chéng	连读 · 旅行
SENTENCE	他们不看故事书。	tā men bù kàn gù shì shū	连读 · 学习
SENTENCE	我们常常找公司。	wǒ men cháng cháng zhǎo gōng sī	连读 · 工作
SENTENCE	我们很喜欢车站。	wǒ men hěn xǐ huān chē zhàn	连读 · 旅行
SENTENCE	老师买牛奶。	lǎo shī mǎi niú nǎi	连读 · 饮料
SENTENCE	我们不想练习英语。	wǒ men bù xiǎng liàn xí yīng yǔ	连读 · 学习
SENTENCE	学生常常找车站。	xué shēng cháng cháng zhǎo chē zhàn	连读 · 旅行
SENTENCE	他们很喜欢汉字。	tā men hěn xǐ huān hàn zì	连读 · 学习
PARAGRAPH	妈妈不看宾馆。请找宾馆。我们很喜欢车站。	mā mā bù kàn bīn guǎn qǐng zhǎo bīn guǎn wǒ men hěn xǐ huān chē zhàn	三句连读 · 旅行
PARAGRAPH	他很喜欢水果。我们不喜欢中国菜。爸爸想做面条吗？	tā hěn xǐ huān shuǐ guǒ wǒ men bù xǐ huān zhōng guó cài bà bà xiǎng zuò miàn tiáo ma	三句连读 · 食物
PARAGRAPH	请看行李。爸爸常常找海边。老师每天找海边。	qǐng kàn xíng lǐ bà bà cháng cháng zhǎo hǎi biān lǎo shī měi tiān zhǎo hǎi biān	三句连读 · 旅行
PARAGRAPH	我明天吃青菜。妈妈不吃面条。学生不想买青菜。	wǒ míng tiān chī qīng cài mā mā bù chī miàn tiáo xué shēng bù xiǎng mǎi qīng cài	三句连读 · 食物
PARAGRAPH	他不记得同事。她很喜欢公司。老师明天找办公室。	tā bù jì de tóng shì tā hěn xǐ huān gōng sī lǎo shī míng tiān zhǎo bàn gōng shì	三句连读 · 工作
PARAGRAPH	他们不记得作业。请复习故事书。我们很喜欢英语。	tā men bù jì de zuò yè qǐng fù xí gù shì shū wǒ men hěn xǐ huān yīng yǔ	三句连读 · 学习
PARAGRAPH	我们想找办公室吗？请准备会议。朋友每天准备同事。	wǒ men xiǎng zhǎo bàn gōng shì ma qǐng zhǔn bèi huì yì péng yǒu měi tiān zhǔn bèi tóng shì	三句连读 · 工作
PARAGRAPH	你不买牛奶。我们已经买咖啡了。老师不想买咖啡。	nǐ bù mǎi niú nǎi wǒ men yǐ jīng mǎi kā fēi le lǎo shī bù xiǎng mǎi kā fēi	三句连读 · 饮料
PARAGRAPH	学生喜欢咖啡。她不想买牛奶。我们很喜欢果汁。	xué shēng xǐ huān kā fēi tā bù xiǎng mǎi niú nǎi wǒ men hěn xǐ huān guǒ zhī	三句连读 · 饮料
PARAGRAPH	她已经喝牛奶了。他们很喜欢果汁。我常常买咖啡。	tā yǐ jīng hē niú nǎi le tā men hěn xǐ huān guǒ zhī wǒ cháng cháng mǎi kā fēi	三句连读 · 饮料
PARAGRAPH	妈妈记得课本。他常常读语法。学生已经学习数学了。	mā mā jì de kè běn tā cháng cháng dú yǔ fǎ xué shēng yǐ jīng xué xí shù xué le	三句连读 · 学习
PARAGRAPH	我们不喜欢果汁。学生想喝果汁吗？朋友每天买果汁。	wǒ men bù xǐ huān guǒ zhī xué shēng xiǎng hē guǒ zhī ma péng yǒu měi tiān mǎi guǒ zhī	三句连读 · 饮料
PARAGRAPH	我看办公室。妈妈很喜欢名片。他们不想找电脑。	wǒ kàn bàn gōng shì mā mā hěn xǐ huān míng piàn tā men bù xiǎng zhǎo diàn nǎo	三句连读 · 工作
PARAGRAPH	他们每天喝果汁。他们喝牛奶。老师不想买咖啡。	tā men měi tiān hē guǒ zhī tā men hē niú nǎi lǎo shī bù xiǎng mǎi kā fēi	三句连读 · 饮料
PARAGRAPH	我每天练习生词。她很喜欢故事书。她不看数学。	wǒ měi tiān liàn xí shēng cí tā hěn xǐ huān gù shì shū tā bù kàn shù xué	三句连读 · 学习
PARAGRAPH	老师不看火车。他们明天看行李。学生常常看宾馆。	lǎo shī bù kàn huǒ chē tā men míng tiān kàn xíng lǐ xué shēng cháng cháng kàn bīn guǎn	三句连读 · 旅行
PARAGRAPH	他们每天买包子。他们不买水果。请吃青菜。	tā men měi tiān mǎi bāo zi tā men bù mǎi shuǐ guǒ qǐng chī qīng cài	三句连读 · 食物
PARAGRAPH	他记得名片。老师很喜欢名片。他每天找计划。	tā jì de míng piàn lǎo shī hěn xǐ huān míng piàn tā měi tiān zhǎo jì huà	三句连读 · 工作
PARAGRAPH	老师常常读课本。我们已经复习中文了。请复习语法。	lǎo shī cháng cháng dú kè běn wǒ men yǐ jīng fù xí zhōng wén le qǐng fù xí yǔ fǎ	三句连读 · 学习
PARAGRAPH	我们不喜欢果汁。我想买牛奶吗？请喝咖啡。	wǒ men bù xǐ huān guǒ zhī wǒ xiǎng mǎi niú nǎi ma qǐng hē kā fēi	三句连读 · 饮料
PARAGRAPH	他想准备会议吗？朋友找公司。我很喜欢办公室。	tā xiǎng zhǔn bèi huì yì ma péng yǒu zhǎo gōng sī wǒ hěn xǐ huān bàn gōng shì	三句连读 · 工作
PARAGRAPH	爸爸已经买热茶了。我很喜欢热茶。我每天喜欢牛奶。	bà bà yǐ jīng mǎi rè chá le wǒ hěn xǐ huān rè chá wǒ měi tiān xǐ huān niú nǎi	三句连读 · 饮料
PARAGRAPH	老师很喜欢青菜。朋友不喜欢鸡蛋。我想做青菜吗？	lǎo shī hěn xǐ huān qīng cài péng yǒu bù xǐ huān jī dàn wǒ xiǎng zuò qīng cài ma	三句连读 · 食物
PARAGRAPH	爸爸看火车。我们不喜欢海边。他每天看车站。	bà bà kàn huǒ chē wǒ men bù xǐ huān hǎi biān tā měi tiān kàn chē zhàn	三句连读 · 旅行
PARAGRAPH	他们已经找飞机了。我们喜欢火车。我明天看车站。	tā men yǐ jīng zhǎo fēi jī le wǒ men xǐ huān huǒ chē wǒ míng tiān kàn chē zhàn	三句连读 · 旅行
PARAGRAPH	爸爸做包子。老师很喜欢青菜。妈妈想买鸡蛋吗？	bà bà zuò bāo zi lǎo shī hěn xǐ huān qīng cài mā mā xiǎng mǎi jī dàn ma	三句连读 · 食物
PARAGRAPH	他们常常喜欢牛奶。他们不买热茶。他们不想喝咖啡。	tā men cháng cháng xǐ huān niú nǎi tā men bù mǎi rè chá tā men bù xiǎng hē kā fēi	三句连读 · 饮料
PARAGRAPH	你不想准备问题。我们每天看同事。老师看公司。	nǐ bù xiǎng zhǔn bèi wèn tí wǒ men měi tiān kàn tóng shì lǎo shī kàn gōng sī	三句连读 · 工作
PARAGRAPH	她很喜欢公司。朋友不准备电脑。学生明天看名片。	tā hěn xǐ huān gōng sī péng yǒu bù zhǔn bèi diàn nǎo xué shēng míng tiān kàn míng piàn	三句连读 · 工作
PARAGRAPH	我想买果汁吗？学生买热茶。爸爸已经买热茶了。	wǒ xiǎng mǎi guǒ zhī ma xué shēng mǎi rè chá bà bà yǐ jīng mǎi rè chá le	三句连读 · 饮料
PARAGRAPH	请读英语。她不练习语法。妈妈复习数学。	qǐng dú yīng yǔ tā bù liàn xí yǔ fǎ mā mā fù xí shù xué	三句连读 · 学习
PARAGRAPH	爸爸已经准备会议了。我每天准备名片。老师常常找名片。	bà bà yǐ jīng zhǔn bèi huì yì le wǒ měi tiān zhǔn bèi míng piàn lǎo shī cháng cháng zhǎo míng piàn	三句连读 · 工作
PARAGRAPH	你常常学习课本。我们已经学习作业了。请看故事书。	nǐ cháng cháng xué xí kè běn wǒ men yǐ jīng xué xí zuò yè le qǐng kàn gù shì shū	三句连读 · 学习
PARAGRAPH	她很喜欢地图。妈妈不看地图。朋友明天找飞机。	tā hěn xǐ huān dì tú mā mā bù kàn dì tú péng yǒu míng tiān zhǎo fēi jī	三句连读 · 旅行
PARAGRAPH	我们已经学习故事书了。我们常常复习语法。你每天记得汉字。	wǒ men yǐ jīng xué xí gù shì shū le wǒ men cháng cháng fù xí yǔ fǎ nǐ měi tiān jì de hàn zì	三句连读 · 学习
PARAGRAPH	请喝果汁。她喜欢果汁。老师不喜欢咖啡。	qǐng hē guǒ zhī tā xǐ huān guǒ zhī lǎo shī bù xǐ huān kā fēi	三句连读 · 饮料
PARAGRAPH	学生每天喜欢咖啡。我很喜欢咖啡。爸爸已经买热茶了。	xué shēng měi tiān xǐ huān kā fēi wǒ hěn xǐ huān kā fēi bà bà yǐ jīng mǎi rè chá le	三句连读 · 饮料
PARAGRAPH	请喝牛奶。她已经喝牛奶了。她明天买果汁。	qǐng hē niú nǎi tā yǐ jīng hē niú nǎi le tā míng tiān mǎi guǒ zhī	三句连读 · 饮料
PARAGRAPH	请学习语法。爸爸每天复习故事书。朋友常常读中文。	qǐng xué xí yǔ fǎ bà bà měi tiān fù xí gù shì shū péng yǒu cháng cháng dú zhōng wén	三句连读 · 学习
PARAGRAPH	爸爸做包子。她每天做青菜。她想做水果吗？	bà bà zuò bāo zi tā měi tiān zuò qīng cài tā xiǎng zuò shuǐ guǒ ma	三句连读 · 食物
PARAGRAPH	我明天准备公司。学生常常准备问题。我想找名片吗？	wǒ míng tiān zhǔn bèi gōng sī xué shēng cháng cháng zhǔn bèi wèn tí wǒ xiǎng zhǎo míng piàn ma	三句连读 · 工作
PARAGRAPH	我想看地图吗？我们喜欢火车。你已经找火车了。	wǒ xiǎng kàn dì tú ma wǒ men xǐ huān huǒ chē nǐ yǐ jīng zhǎo huǒ chē le	三句连读 · 旅行
PARAGRAPH	妈妈明天买青菜。请做青菜。她已经吃饺子了。	mā mā míng tiān mǎi qīng cài qǐng zuò qīng cài tā yǐ jīng chī jiǎo zi le	三句连读 · 食物
PARAGRAPH	朋友常常喜欢热茶。她不喝咖啡。我已经喝热茶了。	péng yǒu cháng cháng xǐ huān rè chá tā bù hē kā fēi wǒ yǐ jīng hē rè chá le	三句连读 · 饮料
PARAGRAPH	学生很喜欢牛奶。她不喝咖啡。老师想喝牛奶吗？	xué shēng hěn xǐ huān niú nǎi tā bù hē kā fēi lǎo shī xiǎng hē niú nǎi ma	三句连读 · 饮料
PARAGRAPH	朋友不找同事。他们明天找同事。他们常常准备公司。	péng yǒu bù zhǎo tóng shì tā men míng tiān zhǎo tóng shì tā men cháng cháng zhǔn bèi gōng sī	三句连读 · 工作
PARAGRAPH	他每天做包子。爸爸很喜欢水果。朋友买中国菜。	tā měi tiān zuò bāo zi bà bà hěn xǐ huān shuǐ guǒ péng yǒu mǎi zhōng guó cài	三句连读 · 食物
PARAGRAPH	我买果汁。爸爸明天喝咖啡。我们已经买咖啡了。	wǒ mǎi guǒ zhī bà bà míng tiān hē kā fēi wǒ men yǐ jīng mǎi kā fēi le	三句连读 · 饮料
PARAGRAPH	老师想喝咖啡吗？请买牛奶。他们每天买牛奶。	lǎo shī xiǎng hē kā fēi ma qǐng mǎi niú nǎi tā men měi tiān mǎi niú nǎi	三句连读 · 饮料
PARAGRAPH	我们想买热茶吗？他们每天喝牛奶。朋友明天喝热茶。	wǒ men xiǎng mǎi rè chá ma tā men měi tiān hē niú nǎi péng yǒu míng tiān hē rè chá	三句连读 · 饮料
PARAGRAPH	学生想看计划吗？老师每天准备会议。妈妈不想找公司。	xué shēng xiǎng kàn jì huà ma lǎo shī měi tiān zhǔn bèi huì yì mā mā bù xiǎng zhǎo gōng sī	三句连读 · 工作
PARAGRAPH	老师常常喜欢地图。他们已经找飞机了。你想找飞机吗？	lǎo shī cháng cháng xǐ huān dì tú tā men yǐ jīng zhǎo fēi jī le nǐ xiǎng zhǎo fēi jī ma	三句连读 · 旅行
PARAGRAPH	我常常买包子。朋友已经做鸡蛋了。他想吃面条吗？	wǒ cháng cháng mǎi bāo zi péng yǒu yǐ jīng zuò jī dàn le tā xiǎng chī miàn tiáo ma	三句连读 · 食物
PARAGRAPH	老师学习语法。妈妈常常读故事书。老师不学习汉字。	lǎo shī xué xí yǔ fǎ mā mā cháng cháng dú gù shì shū lǎo shī bù xué xí hàn zì	三句连读 · 学习
PARAGRAPH	我们不找长城。他们每天找飞机。我明天看车站。	wǒ men bù zhǎo cháng chéng tā men měi tiān zhǎo fēi jī wǒ míng tiān kàn chē zhàn	三句连读 · 旅行
PARAGRAPH	请喝热茶。他们每天喝牛奶。她想喝热茶吗？	qǐng hē rè chá tā men měi tiān hē niú nǎi tā xiǎng hē rè chá ma	三句连读 · 饮料
PARAGRAPH	你准备办公室。我们想找计划吗？朋友很喜欢问题。	nǐ zhǔn bèi bàn gōng shì wǒ men xiǎng zhǎo jì huà ma péng yǒu hěn xǐ huān wèn tí	三句连读 · 工作
PARAGRAPH	请练习中文。学生明天复习生词。爸爸每天看数学。	qǐng liàn xí zhōng wén xué shēng míng tiān fù xí shēng cí bà bà měi tiān kàn shù xué	三句连读 · 学习
PARAGRAPH	她已经喝牛奶了。他们常常喜欢牛奶。朋友明天喝牛奶。	tā yǐ jīng hē niú nǎi le tā men cháng cháng xǐ huān niú nǎi péng yǒu míng tiān hē niú nǎi	三句连读 · 饮料
PARAGRAPH	朋友已经做饺子了。请买米饭。我们常常吃青菜。	péng yǒu yǐ jīng zuò jiǎo zi le qǐng mǎi mǐ fàn wǒ men cháng cháng chī qīng cài	三句连读 · 食物
PARAGRAPH	他们很喜欢宾馆。请看宾馆。爸爸常常找地图。	tā men hěn xǐ huān bīn guǎn qǐng kàn bīn guǎn bà bà cháng cháng zhǎo dì tú	三句连读 · 旅行
PARAGRAPH	妈妈很喜欢饺子。我不想做包子。妈妈已经吃包子了。	mā mā hěn xǐ huān jiǎo zi wǒ bù xiǎng zuò bāo zi mā mā yǐ jīng chī bāo zi le	三句连读 · 食物
PARAGRAPH	你很喜欢问题。妈妈想找同事吗？我不记得办公室。	nǐ hěn xǐ huān wèn tí mā mā xiǎng zhǎo tóng shì ma wǒ bù jì de bàn gōng shì	三句连读 · 工作
PARAGRAPH	学生想买青菜吗？学生不买中国菜。请吃中国菜。	xué shēng xiǎng mǎi qīng cài ma xué shēng bù mǎi zhōng guó cài qǐng chī zhōng guó cài	三句连读 · 食物
PARAGRAPH	他不想找行李。妈妈找行李。请看地图。	tā bù xiǎng zhǎo xíng lǐ mā mā zhǎo xíng lǐ qǐng kàn dì tú	三句连读 · 旅行
PARAGRAPH	学生不看车站。学生很喜欢飞机。妈妈想看行李吗？	xué shēng bù kàn chē zhàn xué shēng hěn xǐ huān fēi jī mā mā xiǎng kàn xíng lǐ ma	三句连读 · 旅行
PARAGRAPH	我们记得生词。老师不想学习中文。爸爸每天复习故事书。	wǒ men jì de shēng cí lǎo shī bù xiǎng xué xí zhōng wén bà bà měi tiān fù xí gù shì shū	三句连读 · 学习
PARAGRAPH	我想吃青菜吗？我明天买鸡蛋。请买中国菜。	wǒ xiǎng chī qīng cài ma wǒ míng tiān mǎi jī dàn qǐng mǎi zhōng guó cài	三句连读 · 食物
PARAGRAPH	她常常看问题。我们每天喜欢问题。学生已经看会议了。	tā cháng cháng kàn wèn tí wǒ men měi tiān xǐ huān wèn tí xué shēng yǐ jīng kàn huì yì le	三句连读 · 工作
PARAGRAPH	老师喜欢中国菜。他明天买饺子。她想做水果吗？	lǎo shī xǐ huān zhōng guó cài tā míng tiān mǎi jiǎo zi tā xiǎng zuò shuǐ guǒ ma	三句连读 · 食物
PARAGRAPH	爸爸练习故事书。学生每天练习汉字。她明天练习故事书。	bà bà liàn xí gù shì shū xué shēng měi tiān liàn xí hàn zì tā míng tiān liàn xí gù shì shū	三句连读 · 学习
PARAGRAPH	老师很喜欢火车。我想看地图吗？她常常找火车。	lǎo shī hěn xǐ huān huǒ chē wǒ xiǎng kàn dì tú ma tā cháng cháng zhǎo huǒ chē	三句连读 · 旅行
PARAGRAPH	我每天找火车。请找火车。学生常常看车站。	wǒ měi tiān zhǎo huǒ chē qǐng zhǎo huǒ chē xué shēng cháng cháng kàn chē zhàn	三句连读 · 旅行
PARAGRAPH	我们喜欢名片。她已经看计划了。我们每天准备公司。	wǒ men xǐ huān míng piàn tā yǐ jīng kàn jì huà le wǒ men měi tiān zhǔn bèi gōng sī	三句连读 · 工作
PARAGRAPH	学生每天喜欢咖啡。老师想喝咖啡吗？她喜欢果汁。	xué shēng měi tiān xǐ huān kā fēi lǎo shī xiǎng hē kā fēi ma tā xǐ huān guǒ zhī	三句连读 · 饮料
PARAGRAPH	老师常常准备会议。学生明天准备会议。朋友不找同事。	lǎo shī cháng cháng zhǔn bèi huì yì xué shēng míng tiān zhǔn bèi huì yì péng yǒu bù zhǎo tóng shì	三句连读 · 工作
PARAGRAPH	老师每天记得办公室。请准备计划。朋友不记得计划。	lǎo shī měi tiān jì de bàn gōng shì qǐng zhǔn bèi jì huà péng yǒu bù jì de jì huà	三句连读 · 工作
PARAGRAPH	她已经看计划了。她很喜欢同事。我们不看计划。	tā yǐ jīng kàn jì huà le tā hěn xǐ huān tóng shì wǒ men bù kàn jì huà	三句连读 · 工作
PARAGRAPH	老师很喜欢计划。请找同事。他们常常喜欢公司。	lǎo shī hěn xǐ huān jì huà qǐng zhǎo tóng shì tā men cháng cháng xǐ huān gōng sī	三句连读 · 工作
PARAGRAPH	我们明天看宾馆。请看行李。他每天看车站。	wǒ men míng tiān kàn bīn guǎn qǐng kàn xíng lǐ tā měi tiān kàn chē zhàn	三句连读 · 旅行
PARAGRAPH	朋友喜欢包子。爸爸想吃鸡蛋吗？朋友每天做鸡蛋。	péng yǒu xǐ huān bāo zi bà bà xiǎng chī jī dàn ma péng yǒu měi tiān zuò jī dàn	三句连读 · 食物
PARAGRAPH	学生每天读发音。请复习课本。老师很喜欢语法。	xué shēng měi tiān dú fā yīn qǐng fù xí kè běn lǎo shī hěn xǐ huān yǔ fǎ	三句连读 · 学习
PARAGRAPH	妈妈不记得汉字。她很喜欢生词。我们复习汉字。	mā mā bù jì de hàn zì tā hěn xǐ huān shēng cí wǒ men fù xí hàn zì	三句连读 · 学习
PARAGRAPH	朋友已经看公司了。请看计划。他们不准备问题。	péng yǒu yǐ jīng kàn gōng sī le qǐng kàn jì huà tā men bù zhǔn bèi wèn tí	三句连读 · 工作
PARAGRAPH	老师想买咖啡吗？爸爸明天买咖啡。我每天喜欢果汁。	lǎo shī xiǎng mǎi kā fēi ma bà bà míng tiān mǎi kā fēi wǒ měi tiān xǐ huān guǒ zhī	三句连读 · 饮料
PARAGRAPH	他们明天做青菜。妈妈喜欢饺子。你不想吃鸡蛋。	tā men míng tiān zuò qīng cài mā mā xǐ huān jiǎo zi nǐ bù xiǎng chī jī dàn	三句连读 · 食物
PARAGRAPH	我买果汁。他们每天喝牛奶。你不买牛奶。	wǒ mǎi guǒ zhī tā men měi tiān hē niú nǎi nǐ bù mǎi niú nǎi	三句连读 · 饮料
PARAGRAPH	她常常喜欢同事。爸爸已经看名片了。学生很喜欢办公室。	tā cháng cháng xǐ huān tóng shì bà bà yǐ jīng kàn míng piàn le xué shēng hěn xǐ huān bàn gōng shì	三句连读 · 工作
PARAGRAPH	妈妈不想看长城。你不看飞机。请看宾馆。	mā mā bù xiǎng kàn cháng chéng nǐ bù kàn fēi jī qǐng kàn bīn guǎn	三句连读 · 旅行
PARAGRAPH	我们每天准备公司。他们明天找会议。妈妈想看办公室吗？	wǒ men měi tiān zhǔn bèi gōng sī tā men míng tiān zhǎo huì yì mā mā xiǎng kàn bàn gōng shì ma	三句连读 · 工作
PARAGRAPH	她常常看同事。我很喜欢电脑。爸爸不记得会议。	tā cháng cháng kàn tóng shì wǒ hěn xǐ huān diàn nǎo bà bà bù jì de huì yì	三句连读 · 工作
PARAGRAPH	朋友喜欢计划。请找办公室。老师每天记得名片。	péng yǒu xǐ huān jì huà qǐng zhǎo bàn gōng shì lǎo shī měi tiān jì de míng piàn	三句连读 · 工作
PARAGRAPH	他喜欢行李。爸爸很喜欢长城。请找车站。	tā xǐ huān xíng lǐ bà bà hěn xǐ huān cháng chéng qǐng zhǎo chē zhàn	三句连读 · 旅行
PARAGRAPH	学生明天看名片。我不记得办公室。你常常找会议。	xué shēng míng tiān kàn míng piàn wǒ bù jì de bàn gōng shì nǐ cháng cháng zhǎo huì yì	三句连读 · 工作
PARAGRAPH	请找办公室。我们不想看问题。我们常常准备电脑。	qǐng zhǎo bàn gōng shì wǒ men bù xiǎng kàn wèn tí wǒ men cháng cháng zhǔn bèi diàn nǎo	三句连读 · 工作
PARAGRAPH	他明天学习故事书。他们每天练习英语。朋友想练习生词吗？	tā míng tiān xué xí gù shì shū tā men měi tiān liàn xí yīng yǔ péng yǒu xiǎng liàn xí shēng cí ma	三句连读 · 学习
PARAGRAPH	我想吃包子吗？她明天买水果。请做米饭。	wǒ xiǎng chī bāo zi ma tā míng tiān mǎi shuǐ guǒ qǐng zuò mǐ fàn	三句连读 · 食物
PARAGRAPH	老师常常复习故事书。他们每天记得作业。爸爸学习发音。	lǎo shī cháng cháng fù xí gù shì shū tā men měi tiān jì de zuò yè bà bà xué xí fā yīn	三句连读 · 学习
PARAGRAPH	老师不看汉字。老师常常看作业。学生练习汉字。	lǎo shī bù kàn hàn zì lǎo shī cháng cháng kàn zuò yè xué shēng liàn xí hàn zì	三句连读 · 学习
PARAGRAPH	学生不买中国菜。我不想做包子。朋友明天吃中国菜。	xué shēng bù mǎi zhōng guó cài wǒ bù xiǎng zuò bāo zi péng yǒu míng tiān chī zhōng guó cài	三句连读 · 食物
PARAGRAPH	妈妈想看行李吗？他们很喜欢宾馆。朋友不看长城。	mā mā xiǎng kàn xíng lǐ ma tā men hěn xǐ huān bīn guǎn péng yǒu bù kàn cháng chéng	三句连读 · 旅行
PARAGRAPH	朋友已经做饺子了。妈妈常常喜欢鸡蛋。爸爸不想做水果。	péng yǒu yǐ jīng zuò jiǎo zi le mā mā cháng cháng xǐ huān jī dàn bà bà bù xiǎng zuò shuǐ guǒ	三句连读 · 食物
PARAGRAPH	我不喜欢热茶。学生想喝果汁吗？她常常买热茶。	wǒ bù xǐ huān rè chá xué shēng xiǎng hē guǒ zhī ma tā cháng cháng mǎi rè chá	三句连读 · 饮料
PARAGRAPH	老师常常吃米饭。妈妈每天喜欢米饭。爸爸想做鸡蛋吗？	lǎo shī cháng cháng chī mǐ fàn mā mā měi tiān xǐ huān mǐ fàn bà bà xiǎng zuò jī dàn ma	三句连读 · 食物
PARAGRAPH	我们喜欢名片。她明天找问题。妈妈每天记得会议。	wǒ men xǐ huān míng piàn tā míng tiān zhǎo wèn tí mā mā měi tiān jì de huì yì	三句连读 · 工作
PARAGRAPH	学生读故事书。妈妈不想读作业。我们很喜欢发音。	xué shēng dú gù shì shū mā mā bù xiǎng dú zuò yè wǒ men hěn xǐ huān fā yīn	三句连读 · 学习
PARAGRAPH	他们很喜欢火车。爸爸找宾馆。我们每天喜欢海边。	tā men hěn xǐ huān huǒ chē bà bà zhǎo bīn guǎn wǒ men měi tiān xǐ huān hǎi biān	三句连读 · 旅行
PARAGRAPH	妈妈不想看行李。请找飞机。我想看地图吗？	mā mā bù xiǎng kàn xíng lǐ qǐng zhǎo fēi jī wǒ xiǎng kàn dì tú ma	三句连读 · 旅行
PARAGRAPH	他们每天喝牛奶。她不喝咖啡。她已经喝咖啡了。	tā men měi tiān hē niú nǎi tā bù hē kā fēi tā yǐ jīng hē kā fēi le	三句连读 · 饮料
PARAGRAPH	他想看作业吗？老师常常读课本。请复习发音。	tā xiǎng kàn zuò yè ma lǎo shī cháng cháng dú kè běn qǐng fù xí fā yīn	三句连读 · 学习
PARAGRAPH	我找地图。他不喜欢火车。爸爸很喜欢地图。	wǒ zhǎo dì tú tā bù xǐ huān huǒ chē bà bà hěn xǐ huān dì tú	三句连读 · 旅行
PARAGRAPH	老师每天喜欢同事。妈妈不想看办公室。他想准备会议吗？	lǎo shī měi tiān xǐ huān tóng shì mā mā bù xiǎng kàn bàn gōng shì tā xiǎng zhǔn bèi huì yì ma	三句连读 · 工作
PARAGRAPH	爸爸想看火车吗？妈妈喜欢长城。妈妈不看地图。	bà bà xiǎng kàn huǒ chē ma mā mā xǐ huān cháng chéng mā mā bù kàn dì tú	三句连读 · 旅行
PARAGRAPH	朋友常常买鸡蛋。妈妈喜欢饺子。他很喜欢青菜。	péng yǒu cháng cháng mǎi jī dàn mā mā xǐ huān jiǎo zi tā hěn xǐ huān qīng cài	三句连读 · 食物
PARAGRAPH	我们已经复习中文了。他不想学习发音。老师常常学习语法。	wǒ men yǐ jīng fù xí zhōng wén le tā bù xiǎng xué xí fā yīn lǎo shī cháng cháng xué xí yǔ fǎ	三句连读 · 学习
PARAGRAPH	我们常常找公司。我不记得办公室。请看会议。	wǒ men cháng cháng zhǎo gōng sī wǒ bù jì de bàn gōng shì qǐng kàn huì yì	三句连读 · 工作
PARAGRAPH	我们不喜欢中国菜。朋友已经做饺子了。我常常喜欢包子。	wǒ men bù xǐ huān zhōng guó cài péng yǒu yǐ jīng zuò jiǎo zi le wǒ cháng cháng xǐ huān bāo zi	三句连读 · 食物
PARAGRAPH	学生找车站。老师不看海边。我们很喜欢海边。	xué shēng zhǎo chē zhàn lǎo shī bù kàn hǎi biān wǒ men hěn xǐ huān hǎi biān	三句连读 · 旅行
PARAGRAPH	妈妈常常练习作业。朋友已经复习数学了。我们每天看英语。	mā mā cháng cháng liàn xí zuò yè péng yǒu yǐ jīng fù xí shù xué le wǒ men měi tiān kàn yīng yǔ	三句连读 · 学习
PARAGRAPH	妈妈想买鸡蛋吗？她不吃鸡蛋。老师常常做水果。	mā mā xiǎng mǎi jī dàn ma tā bù chī jī dàn lǎo shī cháng cháng zuò shuǐ guǒ	三句连读 · 食物
PARAGRAPH	朋友每天买果汁。他们常常喝果汁。我很喜欢咖啡。	péng yǒu měi tiān mǎi guǒ zhī tā men cháng cháng hē guǒ zhī wǒ hěn xǐ huān kā fēi	三句连读 · 饮料
PARAGRAPH	请喝咖啡。爸爸明天喝咖啡。我已经喝热茶了。	qǐng hē kā fēi bà bà míng tiān hē kā fēi wǒ yǐ jīng hē rè chá le	三句连读 · 饮料
PARAGRAPH	我每天看地图。他喜欢行李。老师明天看火车。	wǒ měi tiān kàn dì tú tā xǐ huān xíng lǐ lǎo shī míng tiān kàn huǒ chē	三句连读 · 旅行
PARAGRAPH	妈妈已经找长城了。爸爸每天找车站。你很喜欢飞机。	mā mā yǐ jīng zhǎo cháng chéng le bà bà měi tiān zhǎo chē zhàn nǐ hěn xǐ huān fēi jī	三句连读 · 旅行
PARAGRAPH	老师常常复习故事书。爸爸不复习作业。她明天读作业。	lǎo shī cháng cháng fù xí gù shì shū bà bà bù fù xí zuò yè tā míng tiān dú zuò yè	三句连读 · 学习
PARAGRAPH	她常常喝咖啡。她已经喝牛奶了。请喝牛奶。	tā cháng cháng hē kā fēi tā yǐ jīng hē niú nǎi le qǐng hē niú nǎi	三句连读 · 饮料
PARAGRAPH	我明天找宾馆。我们常常看行李。他们已经找地图了。	wǒ míng tiān zhǎo bīn guǎn wǒ men cháng cháng kàn xíng lǐ tā men yǐ jīng zhǎo dì tú le	三句连读 · 旅行
PARAGRAPH	朋友不想找计划。我很喜欢电脑。你记得电脑。	péng yǒu bù xiǎng zhǎo jì huà wǒ hěn xǐ huān diàn nǎo nǐ jì de diàn nǎo	三句连读 · 工作
PARAGRAPH	学生常常看宾馆。我们喜欢宾馆。我们不喜欢海边。	xué shēng cháng cháng kàn bīn guǎn wǒ men xǐ huān bīn guǎn wǒ men bù xǐ huān hǎi biān	三句连读 · 旅行
PARAGRAPH	请看火车。他每天看火车。他们很喜欢行李。	qǐng kàn huǒ chē tā měi tiān kàn huǒ chē tā men hěn xǐ huān xíng lǐ	三句连读 · 旅行
PARAGRAPH	我不找宾馆。妈妈常常看火车。爸爸很喜欢地图。	wǒ bù zhǎo bīn guǎn mā mā cháng cháng kàn huǒ chē bà bà hěn xǐ huān dì tú	三句连读 · 旅行
PARAGRAPH	他已经学习生词了。爸爸不想学习英语。我们每天复习语法。	tā yǐ jīng xué xí shēng cí le bà bà bù xiǎng xué xí yīng yǔ wǒ men měi tiān fù xí yǔ fǎ	三句连读 · 学习
PARAGRAPH	请做包子。你明天买包子。他很喜欢米饭。	qǐng zuò bāo zi nǐ míng tiān mǎi bāo zi tā hěn xǐ huān mǐ fàn	三句连读 · 食物
PARAGRAPH	他们很喜欢鸡蛋。我们常常吃面条。他们明天买中国菜。	tā men hěn xǐ huān jī dàn wǒ men cháng cháng chī miàn tiáo tā men míng tiān mǎi zhōng guó cài	三句连读 · 食物
PARAGRAPH	我们很喜欢海边。妈妈已经找长城了。请看海边。	wǒ men hěn xǐ huān hǎi biān mā mā yǐ jīng zhǎo cháng chéng le qǐng kàn hǎi biān	三句连读 · 旅行
PARAGRAPH	老师想练习汉字吗？他很喜欢故事书。他们不复习语法。	lǎo shī xiǎng liàn xí hàn zì ma tā hěn xǐ huān gù shì shū tā men bù fù xí yǔ fǎ	三句连读 · 学习
PARAGRAPH	老师常常喝热茶。我们不喜欢果汁。学生很喜欢牛奶。	lǎo shī cháng cháng hē rè chá wǒ men bù xǐ huān guǒ zhī xué shēng hěn xǐ huān niú nǎi	三句连读 · 饮料
PARAGRAPH	学生找车站。学生常常找车站。请找宾馆。	xué shēng zhǎo chē zhàn xué shēng cháng cháng zhǎo chē zhàn qǐng zhǎo bīn guǎn	三句连读 · 旅行
PARAGRAPH	我想吃水果吗？爸爸很喜欢水果。他们明天买中国菜。	wǒ xiǎng chī shuǐ guǒ ma bà bà hěn xǐ huān shuǐ guǒ tā men míng tiān mǎi zhōng guó cài	三句连读 · 食物
PARAGRAPH	爸爸准备同事。他们不准备问题。她常常看同事。	bà bà zhǔn bèi tóng shì tā men bù zhǔn bèi wèn tí tā cháng cháng kàn tóng shì	三句连读 · 工作
